"View","LinkedPackage"
"Bayesian","BaM"
"Bayesian","bark"
"Bayesian","BAS"
"Bayesian","bayesGARCH"
"Bayesian","bayesmix"
"Bayesian","BayesTree"
"Bayesian","BayesValidate"
"Bayesian","BayHaz"
"Bayesian","BAYSTAR"
"Bayesian","BCE"
"Bayesian","bcp"
"Bayesian","BMA"
"Bayesian","BMA"
"Bayesian","Bolstad"
"Bayesian","BPHO"
"Bayesian","bqtl"
"Bayesian","bspec"
"Bayesian","cslogistic"
"Bayesian","deal"
"Bayesian","dlm"
"Bayesian","EbayesThresh"
"Bayesian","ensembleBMA"
"Bayesian","evdbayes"
"Bayesian","exactLoglinTest"
"Bayesian","G1DBN"
"Bayesian","geoR"
"Bayesian","geoRglm"
"Bayesian","GLMMarp"
"Bayesian","glmmBUGS"
"Bayesian","HI"
"Bayesian","Hmisc"
"Bayesian","LearnBayes"
"Bayesian","lme4"
"Bayesian","lmm"
"Bayesian","MasterBayes"
"Bayesian","MCMCglmm"
"Bayesian","mgcv"
"Bayesian","MNP"
"Bayesian","monomvn"
"Bayesian","MSBVAR"
"Bayesian","pscl"
"Bayesian","R2jags"
"Bayesian","R2WinBUGS"
"Bayesian","ramps"
"Bayesian","rbugs"
"Bayesian","RJaCGH"
"Bayesian","rjags"
"Bayesian","runjags"
"Bayesian","SampleSizeMeans"
"Bayesian","SampleSizeProportions"
"Bayesian","scapeMCMC"
"Bayesian","sna"
"Bayesian","spBayes"
"Bayesian","tgp"
"Bayesian","zic"
"ChemPhys","AnalyzeFMRI"
"ChemPhys","AquaEnv"
"ChemPhys","Bchron"
"ChemPhys","bvls"
"ChemPhys","caMassClass"
"ChemPhys","CellularAutomaton"
"ChemPhys","chemometrics"
"ChemPhys","CHNOSZ"
"ChemPhys","clustvarsel"
"ChemPhys","ddesolve"
"ChemPhys","deSolve"
"ChemPhys","diffractometry"
"ChemPhys","drc"
"ChemPhys","drm"
"ChemPhys","elasticnet"
"ChemPhys","fastICA"
"ChemPhys","fmri"
"ChemPhys","fpca"
"ChemPhys","FTICRMS"
"ChemPhys","gpls"
"ChemPhys","homals"
"ChemPhys","leaps"
"ChemPhys","lspls"
"ChemPhys","minpack.lm"
"ChemPhys","moonsun"
"ChemPhys","msBreast"
"ChemPhys","msDilution"
"ChemPhys","msProcess"
"ChemPhys","msProstate"
"ChemPhys","nlme"
"ChemPhys","nlreg"
"ChemPhys","NMRS"
"ChemPhys","OrgMassSpecR"
"ChemPhys","paltran"
"ChemPhys","pcaPP"
"ChemPhys","Peaks"
"ChemPhys","PET"
"ChemPhys","pga"
"ChemPhys","plspm"
"ChemPhys","ppls"
"ChemPhys","psy"
"ChemPhys","quantchem"
"ChemPhys","rcdk"
"ChemPhys","rcdklibs"
"ChemPhys","rpubchem"
"ChemPhys","sapa"
"ChemPhys","sde"
"ChemPhys","simecol"
"ChemPhys","som"
"ChemPhys","spls"
"ChemPhys","subselect"
"ChemPhys","TIMP"
"ChemPhys","titan"
"ChemPhys","varSelRF"
"ChemPhys","wccsom"
"ChemPhys","WilcoxCV"
"ClinicalTrials","asypow"
"ClinicalTrials","binomSamSize"
"ClinicalTrials","coin"
"ClinicalTrials","copas"
"ClinicalTrials","DoseFinding"
"ClinicalTrials","epibasix"
"ClinicalTrials","epicalc"
"ClinicalTrials","HH"
"ClinicalTrials","MCPMod"
"ClinicalTrials","meta"
"ClinicalTrials","metafor"
"ClinicalTrials","multcomp"
"ClinicalTrials","rmeta"
"ClinicalTrials","ssanv"
"Cluster","AdMit"
"Cluster","amap"
"Cluster","apcluster"
"Cluster","bayesclust"
"Cluster","bayesm"
"Cluster","bayesmix"
"Cluster","bclust"
"Cluster","biclust"
"Cluster","Bmix"
"Cluster","cba"
"Cluster","cclust"
"Cluster","CHsharp"
"Cluster","clue"
"Cluster","clues"
"Cluster","clusterfly"
"Cluster","clusterGeneration"
"Cluster","clusterRepro"
"Cluster","clusterSim"
"Cluster","clustTool"
"Cluster","clustvarsel"
"Cluster","clv"
"Cluster","clValid"
"Cluster","compHclust"
"Cluster","depmix"
"Cluster","depmixS4"
"Cluster","dynamicTreeCut"
"Cluster","e1071"
"Cluster","EMCC"
"Cluster","FactoClass"
"Cluster","flashClust"
"Cluster","fpc"
"Cluster","FunCluster"
"Cluster","gamlss.mx"
"Cluster","gcExplorer"
"Cluster","GLDEX"
"Cluster","GSM"
"Cluster","hopach"
"Cluster","hybridHclust"
"Cluster","latentnet"
"Cluster","LLAhclust"
"Cluster","mcclust"
"Cluster","MFDA"
"Cluster","mixAK"
"Cluster","mixdist"
"Cluster","mixer"
"Cluster","mixPHM"
"Cluster","mixRasch"
"Cluster","mixreg"
"Cluster","MixSim"
"Cluster","mixtools"
"Cluster","MMG"
"Cluster","moc"
"Cluster","nnclust"
"Cluster","nor1mix"
"Cluster","ORIClust"
"Cluster","pendensity"
"Cluster","poLCA"
"Cluster","prabclus"
"Cluster","pvclust"
"Cluster","randomLCA"
"Cluster","rjags"
"Cluster","RPMM"
"Cluster","segclust"
"Cluster","skmeans"
"Cluster","som"
"Cluster","trimcluster"
"Cluster","wle"
"Distributions","AdMit"
"Distributions","bayesm"
"Distributions","benchden"
"Distributions","BiasedUrn"
"Distributions","BLCOP"
"Distributions","bs"
"Distributions","compoisson"
"Distributions","Davies"
"Distributions","denstrip"
"Distributions","distrDoc"
"Distributions","distrEx"
"Distributions","distributions"
"Distributions","distrMod"
"Distributions","distrSim"
"Distributions","distrTeach"
"Distributions","distrTEst"
"Distributions","evd"
"Distributions","evdbayes"
"Distributions","evir"
"Distributions","fBasics"
"Distributions","fExtremes"
"Distributions","fgac"
"Distributions","fitdistrplus"
"Distributions","gamlss.mx"
"Distributions","gbs"
"Distributions","geoR"
"Distributions","ghyp"
"Distributions","gld"
"Distributions","GLDEX"
"Distributions","GSM"
"Distributions","gumbel"
"Distributions","HyperbolicDist"
"Distributions","LearnBayes"
"Distributions","lhs"
"Distributions","Lmoments"
"Distributions","MASS"
"Distributions","mc2d"
"Distributions","MCMCpack"
"Distributions","mecdf"
"Distributions","mixtools"
"Distributions","mvtnormpcs"
"Distributions","nor1mix"
"Distributions","normalp"
"Distributions","POT"
"Distributions","prob"
"Distributions","randaes"
"Distributions","random"
"Distributions","randtoolbox"
"Distributions","RDieHarder"
"Distributions","rngwell19937"
"Distributions","rsprng"
"Distributions","rstream"
"Distributions","Runuran"
"Distributions","setRNG"
"Distributions","skewt"
"Distributions","sn"
"Distributions","tmvtnorm"
"Distributions","TRIANG"
"Distributions","triangle"
"Distributions","truncnorm"
"Distributions","tweedie"
"Distributions","VarianceGamma"
"Distributions","zipfR"
"Econometrics","AER"
"Econometrics","aod"
"Econometrics","bayesm"
"Econometrics","betareg"
"Econometrics","boot"
"Econometrics","bootstrap"
"Econometrics","CADFtest"
"Econometrics","CDNmoney"
"Econometrics","Design"
"Econometrics","dlm"
"Econometrics","dse"
"Econometrics","dyn"
"Econometrics","dynlm"
"Econometrics","Ecdat"
"Econometrics","effects"
"Econometrics","expsmooth"
"Econometrics","FinTS"
"Econometrics","fma"
"Econometrics","forecast"
"Econometrics","frontier"
"Econometrics","fxregime"
"Econometrics","gam"
"Econometrics","gamlss"
"Econometrics","gmm"
"Econometrics","Hmisc"
"Econometrics","ineq"
"Econometrics","its"
"Econometrics","lme4"
"Econometrics","MASS"
"Econometrics","Matrix"
"Econometrics","Mcomp"
"Econometrics","meboot"
"Econometrics","mFilter"
"Econometrics","mgcv"
"Econometrics","micEcon"
"Econometrics","micEconAids"
"Econometrics","micEconCES"
"Econometrics","micEconSNQP"
"Econometrics","mlogit"
"Econometrics","MNP"
"Econometrics","MSBVAR"
"Econometrics","nlme"
"Econometrics","nnet"
"Econometrics","np"
"Econometrics","pscl"
"Econometrics","pwt"
"Econometrics","quantreg"
"Econometrics","reldist"
"Econometrics","sampleSelection"
"Econometrics","sde"
"Econometrics","segmented"
"Econometrics","sem"
"Econometrics","simpleboot"
"Econometrics","SparseM"
"Econometrics","strucchange"
"Econometrics","systemfit"
"Econometrics","timeSeries"
"Econometrics","truncreg"
"Econometrics","tsDyn"
"Econometrics","tsfa"
"Econometrics","vars"
"Econometrics","VGAM"
"Econometrics","Zelig"
"Environmetrics","adehabitat"
"Environmetrics","amap"
"Environmetrics","analogue"
"Environmetrics","aod"
"Environmetrics","ape"
"Environmetrics","BiodiversityR"
"Environmetrics","CircStats"
"Environmetrics","circular"
"Environmetrics","clim.pact"
"Environmetrics","cocorresp"
"Environmetrics","dse"
"Environmetrics","dyn"
"Environmetrics","dynlm"
"Environmetrics","e1071"
"Environmetrics","eco"
"Environmetrics","ecodist"
"Environmetrics","equivalence"
"Environmetrics","evd"
"Environmetrics","evdbayes"
"Environmetrics","evir"
"Environmetrics","extRemes"
"Environmetrics","FD"
"Environmetrics","fso"
"Environmetrics","gam"
"Environmetrics","gamair"
"Environmetrics","ismev"
"Environmetrics","its"
"Environmetrics","lme4"
"Environmetrics","maptree"
"Environmetrics","mclust"
"Environmetrics","mefa"
"Environmetrics","mra"
"Environmetrics","NADA"
"Environmetrics","nlme"
"Environmetrics","ouch"
"Environmetrics","party"
"Environmetrics","pastecs"
"Environmetrics","pcurve"
"Environmetrics","pgirmess"
"Environmetrics","popbio"
"Environmetrics","POT"
"Environmetrics","prabclus"
"Environmetrics","primer"
"Environmetrics","pscl"
"Environmetrics","randomForest"
"Environmetrics","Rcapture"
"Environmetrics","rpart"
"Environmetrics","seacarb"
"Environmetrics","segmented"
"Environmetrics","simecol"
"Environmetrics","SpatialExtremes"
"Environmetrics","StreamMetabolism"
"Environmetrics","strucchange"
"Environmetrics","surveillance"
"Environmetrics","tseries"
"Environmetrics","vegetarian"
"Environmetrics","VGAM"
"Environmetrics","zoo"
"ExperimentalDesign","BHH2"
"ExperimentalDesign","blockTools"
"ExperimentalDesign","BsMD"
"ExperimentalDesign","conf.design"
"ExperimentalDesign","crossdes"
"ExperimentalDesign","dae"
"ExperimentalDesign","desirability"
"ExperimentalDesign","DiceDesign"
"ExperimentalDesign","DiceKriging"
"ExperimentalDesign","DoseFinding"
"ExperimentalDesign","experiment"
"ExperimentalDesign","FrF2.catlg128"
"ExperimentalDesign","granova"
"ExperimentalDesign","ldDesign"
"ExperimentalDesign","lhs"
"ExperimentalDesign","RcmdrPlugin.DoE"
"ExperimentalDesign","SensoMineR"
"Finance","actuar"
"Finance","ArDec"
"Finance","atmi"
"Finance","backtest"
"Finance","bayesGARCH"
"Finance","BLCOP"
"Finance","CADFtest"
"Finance","car"
"Finance","ccgarch"
"Finance","ChainLadder"
"Finance","copula"
"Finance","CreditMetrics"
"Finance","data.table"
"Finance","dlm"
"Finance","dse"
"Finance","dyn"
"Finance","dynamo"
"Finance","dynlm"
"Finance","evd"
"Finance","evdbayes"
"Finance","evir"
"Finance","extRemes"
"Finance","fame"
"Finance","fgac"
"Finance","financial"
"Finance","forecast"
"Finance","fracdiff"
"Finance","FracSim"
"Finance","fractal"
"Finance","ghyp"
"Finance","gmm"
"Finance","gogarch"
"Finance","IBrokers"
"Finance","ismev"
"Finance","lmtest"
"Finance","longmemo"
"Finance","MSBVAR"
"Finance","mvtnorm"
"Finance","orderbook"
"Finance","portfolio"
"Finance","portfolioSim"
"Finance","POT"
"Finance","QRMlib"
"Finance","quantmod"
"Finance","RBloomberg"
"Finance","Rcmdr"
"Finance","RQuantLib"
"Finance","rwt"
"Finance","sandwich"
"Finance","schwartz97"
"Finance","sde"
"Finance","stockPortfolio"
"Finance","strucchange"
"Finance","SV"
"Finance","tawny"
"Finance","termstrc"
"Finance","timsac"
"Finance","tis"
"Finance","tradeCosts"
"Finance","TSdbi"
"Finance","tsDyn"
"Finance","tseriesChaos"
"Finance","tsfa"
"Finance","TTR"
"Finance","ttrTests"
"Finance","vars"
"Finance","vrtest"
"Finance","wavelets"
"Finance","waveslim"
"Finance","wavethresh"
"Finance","xts"
"Finance","YieldCurve"
"Finance","Zelig"
"Genetics","adegenet"
"Genetics","ape"
"Genetics","Biodem"
"Genetics","bqtl"
"Genetics","catmap"
"Genetics","dlmap"
"Genetics","GenABEL"
"Genetics","Geneland"
"Genetics","hapassoc"
"Genetics","haplo.ccs"
"Genetics","hapsim"
"Genetics","HardyWeinberg"
"Genetics","hierfstat"
"Genetics","hwde"
"Genetics","ibdreg"
"Genetics","kinship"
"Genetics","ldDesign"
"Genetics","LDheatmap"
"Genetics","lodplot"
"Genetics","luca"
"Genetics","mapLD"
"Genetics","multic"
"Genetics","multtest"
"Genetics","ouch"
"Genetics","pbatR"
"Genetics","phangorn"
"Genetics","qtl"
"Genetics","qvalue"
"Genetics","rmetasim"
"Genetics","seqinr"
"Genetics","SNPassoc"
"Genetics","SNPmaxsel"
"Genetics","snp.plotter"
"Genetics","stepwise"
"Genetics","tdthap"
"Genetics","untb"
"Genetics","wgaim"
"Graphics","ade4"
"Graphics","animation"
"Graphics","ape"
"Graphics","aplpack"
"Graphics","Cairo"
"Graphics","cairoDevice"
"Graphics","colorspace"
"Graphics","dichromat"
"Graphics","gclus"
"Graphics","GDD"
"Graphics","gplots"
"Graphics","gridBase"
"Graphics","IDPmisc"
"Graphics","iplots"
"Graphics","JavaGD"
"Graphics","klaR"
"Graphics","latticeExtra"
"Graphics","misc3d"
"Graphics","rggobi"
"Graphics","RGraphics"
"Graphics","RSvgDevice"
"Graphics","RSVGTipsDevice"
"Graphics","scatterplot3d"
"Graphics","tkrplot"
"Graphics","vioplot"
"Graphics","xgobi"
"gR","bayesmix"
"gR","bnlearn"
"gR","boa"
"gR","catnet"
"gR","coda"
"gR","deal"
"gR","diagram"
"gR","dynamicGraph"
"gR","ergm"
"gR","G1DBN"
"gR","ggm"
"gR","giRaph"
"gR","gRain"
"gR","graph"
"gR","gRc"
"gR","igraph"
"gR","mathgraph"
"gR","mimR"
"gR","parcor"
"gR","pcalg"
"gR","qp"
"gR","R2WinBUGS"
"gR","RBGL"
"gR","rbugs"
"gR","SIN"
"HighPerformanceComputing","ADaCGH"
"HighPerformanceComputing","BARD"
"HighPerformanceComputing","batch"
"HighPerformanceComputing","bcp"
"HighPerformanceComputing","biglars"
"HighPerformanceComputing","biglm"
"HighPerformanceComputing","bigmemory"
"HighPerformanceComputing","biopara"
"HighPerformanceComputing","bnlearn"
"HighPerformanceComputing","caret"
"HighPerformanceComputing","ccems"
"HighPerformanceComputing","cudaBayesreg"
"HighPerformanceComputing","data.table"
"HighPerformanceComputing","doMC"
"HighPerformanceComputing","doMPI"
"HighPerformanceComputing","doRedis"
"HighPerformanceComputing","doSNOW"
"HighPerformanceComputing","ff"
"HighPerformanceComputing","foreach"
"HighPerformanceComputing","fork"
"HighPerformanceComputing","GAMBoost"
"HighPerformanceComputing","gcbd"
"HighPerformanceComputing","Geneland"
"HighPerformanceComputing","gputools"
"HighPerformanceComputing","GridR"
"HighPerformanceComputing","HadoopStreaming"
"HighPerformanceComputing","inline"
"HighPerformanceComputing","latentnet"
"HighPerformanceComputing","lga"
"HighPerformanceComputing","maanova"
"HighPerformanceComputing","magma"
"HighPerformanceComputing","mapReduce"
"HighPerformanceComputing","Matching"
"HighPerformanceComputing","multicore"
"HighPerformanceComputing","multtest"
"HighPerformanceComputing","nws"
"HighPerformanceComputing","orloca"
"HighPerformanceComputing","papply"
"HighPerformanceComputing","partDSA"
"HighPerformanceComputing","peperr"
"HighPerformanceComputing","profr"
"HighPerformanceComputing","proftools"
"HighPerformanceComputing","pvclust"
"HighPerformanceComputing","Rcpp"
"HighPerformanceComputing","Rdsm"
"HighPerformanceComputing","rgenoud"
"HighPerformanceComputing","rJava"
"HighPerformanceComputing","rlecuyer"
"HighPerformanceComputing","rpud"
"HighPerformanceComputing","rpvm"
"HighPerformanceComputing","Rsge"
"HighPerformanceComputing","rsprng"
"HighPerformanceComputing","scaleboot"
"HighPerformanceComputing","snowfall"
"HighPerformanceComputing","snowFT"
"HighPerformanceComputing","speedglm"
"HighPerformanceComputing","sqldf"
"HighPerformanceComputing","STAR"
"HighPerformanceComputing","taskPR"
"HighPerformanceComputing","tm"
"HighPerformanceComputing","varSelRF"
"MachineLearning","arules"
"MachineLearning","BayesTree"
"MachineLearning","Boruta"
"MachineLearning","BPHO"
"MachineLearning","caret"
"MachineLearning","CoxBoost"
"MachineLearning","earth"
"MachineLearning","elasticnet"
"MachineLearning","ElemStatLearn"
"MachineLearning","gafit"
"MachineLearning","GAMBoost"
"MachineLearning","glmnet"
"MachineLearning","glmpath"
"MachineLearning","grplasso"
"MachineLearning","hda"
"MachineLearning","ipred"
"MachineLearning","klaR"
"MachineLearning","lars"
"MachineLearning","lasso2"
"MachineLearning","LogicForest"
"MachineLearning","LogicReg"
"MachineLearning","mvpart"
"MachineLearning","pamr"
"MachineLearning","party"
"MachineLearning","penalized"
"MachineLearning","penalizedSVM"
"MachineLearning","predbayescor"
"MachineLearning","quantregForest"
"MachineLearning","randomSurvivalForest"
"MachineLearning","rda"
"MachineLearning","rdetools"
"MachineLearning","REEMtree"
"MachineLearning","relaxo"
"MachineLearning","rgenoud"
"MachineLearning","ROCR"
"MachineLearning","RWeka"
"MachineLearning","sda"
"MachineLearning","SDDA"
"MachineLearning","svmpath"
"MachineLearning","tgp"
"MachineLearning","tree"
"MachineLearning","TWIX"
"MachineLearning","varSelRF"
"MedicalImaging","cudaBayesreg"
"MedicalImaging","PTAk"
"Multivariate","abind"
"Multivariate","amap"
"Multivariate","aplpack"
"Multivariate","ash"
"Multivariate","bayesm"
"Multivariate","ca"
"Multivariate","calibrate"
"Multivariate","car"
"Multivariate","caret"
"Multivariate","chplot"
"Multivariate","class"
"Multivariate","clue"
"Multivariate","clusterGeneration"
"Multivariate","clusterSim"
"Multivariate","clustvarsel"
"Multivariate","clv"
"Multivariate","cocorresp"
"Multivariate","compositions"
"Multivariate","concor"
"Multivariate","copula"
"Multivariate","corpcor"
"Multivariate","covRobust"
"Multivariate","cramer"
"Multivariate","cwhmisc"
"Multivariate","delt"
"Multivariate","denpro"
"Multivariate","DescribeDisplay"
"Multivariate","desirability"
"Multivariate","dr"
"Multivariate","e1071"
"Multivariate","earth"
"Multivariate","ellipse"
"Multivariate","energy"
"Multivariate","eRm"
"Multivariate","FactoMineR"
"Multivariate","FAiR"
"Multivariate","fastICA"
"Multivariate","feature"
"Multivariate","fgac"
"Multivariate","fpc"
"Multivariate","fso"
"Multivariate","gclus"
"Multivariate","GenKern"
"Multivariate","geometry"
"Multivariate","geozoo"
"Multivariate","gmodels"
"Multivariate","GPArotation"
"Multivariate","gpls"
"Multivariate","hddplot"
"Multivariate","hier.part"
"Multivariate","Hmisc"
"Multivariate","homals"
"Multivariate","hopach"
"Multivariate","hybridHclust"
"Multivariate","ICS"
"Multivariate","ICSNP"
"Multivariate","iplots"
"Multivariate","JADE"
"Multivariate","kernlab"
"Multivariate","KernSmooth"
"Multivariate","kknn"
"Multivariate","klaR"
"Multivariate","knncat"
"Multivariate","kohonen"
"Multivariate","ks"
"Multivariate","lattice"
"Multivariate","LLAhclust"
"Multivariate","ltm"
"Multivariate","mAr"
"Multivariate","Matrix"
"Multivariate","matrixcalc"
"Multivariate","mclust"
"Multivariate","MCMCpack"
"Multivariate","mda"
"Multivariate","MFDA"
"Multivariate","mice"
"Multivariate","misc3d"
"Multivariate","mitools"
"Multivariate","mix"
"Multivariate","mnormt"
"Multivariate","MNP"
"Multivariate","monomvn"
"Multivariate","MSBVAR"
"Multivariate","mvnmle"
"Multivariate","mvnormtest"
"Multivariate","mvoutlier"
"Multivariate","mvpart"
"Multivariate","mvtnorm"
"Multivariate","nFactors"
"Multivariate","pan"
"Multivariate","panel"
"Multivariate","paran"
"Multivariate","party"
"Multivariate","pcaPP"
"Multivariate","pcurve"
"Multivariate","PearsonICA"
"Multivariate","pls"
"Multivariate","plsgenomics"
"Multivariate","poLCA"
"Multivariate","polycor"
"Multivariate","ppls"
"Multivariate","predbayescor"
"Multivariate","prim"
"Multivariate","proxy"
"Multivariate","psy"
"Multivariate","PTAk"
"Multivariate","rda"
"Multivariate","relaimpo"
"Multivariate","rggobi"
"Multivariate","rgl"
"Multivariate","robustbase"
"Multivariate","ROCR"
"Multivariate","rpart"
"Multivariate","rrcov"
"Multivariate","rrp"
"Multivariate","sca"
"Multivariate","scatterplot3d"
"Multivariate","sem"
"Multivariate","SensoMineR"
"Multivariate","seriation"
"Multivariate","simba"
"Multivariate","smatr"
"Multivariate","sn"
"Multivariate","spam"
"Multivariate","SparseM"
"Multivariate","SpatialNP"
"Multivariate","superpc"
"Multivariate","trimcluster"
"Multivariate","tsfa"
"Multivariate","TWIX"
"Multivariate","vcd"
"Multivariate","VGAM"
"Multivariate","VIM"
"Multivariate","xgobi"
"Multivariate","YaleToolkit"
"NaturalLanguageProcessing","corpora"
"NaturalLanguageProcessing","emu"
"NaturalLanguageProcessing","gsubfn"
"NaturalLanguageProcessing","kernlab"
"NaturalLanguageProcessing","languageR"
"NaturalLanguageProcessing","lsa"
"NaturalLanguageProcessing","openNLP"
"NaturalLanguageProcessing","openNLPmodels.en"
"NaturalLanguageProcessing","openNLPmodels.es"
"NaturalLanguageProcessing","RKEA"
"NaturalLanguageProcessing","RWeka"
"NaturalLanguageProcessing","Snowball"
"NaturalLanguageProcessing","wordnet"
"NaturalLanguageProcessing","zipfR"
"OfficialStatistics","Amelia"
"OfficialStatistics","cat"
"OfficialStatistics","EVER"
"OfficialStatistics","Hmisc"
"OfficialStatistics","impute"
"OfficialStatistics","ineq"
"OfficialStatistics","laeken"
"OfficialStatistics","lme4"
"OfficialStatistics","memisc"
"OfficialStatistics","mi"
"OfficialStatistics","mice"
"OfficialStatistics","micEcon"
"OfficialStatistics","MImix"
"OfficialStatistics","missMDA"
"OfficialStatistics","mitools"
"OfficialStatistics","mix"
"OfficialStatistics","nlme"
"OfficialStatistics","norm"
"OfficialStatistics","odfWeave.survey"
"OfficialStatistics","pan"
"OfficialStatistics","pps"
"OfficialStatistics","RecordLinkage"
"OfficialStatistics","reweight"
"OfficialStatistics","robCompositions"
"OfficialStatistics","sampfling"
"OfficialStatistics","sampling"
"OfficialStatistics","samplingbook"
"OfficialStatistics","SDaA"
"OfficialStatistics","sdcMicro"
"OfficialStatistics","sdcTable"
"OfficialStatistics","SeqKnn"
"OfficialStatistics","simFrame"
"OfficialStatistics","simPopulation"
"OfficialStatistics","spsurvey"
"OfficialStatistics","StatMatch"
"OfficialStatistics","stratification"
"OfficialStatistics","surveyNG"
"OfficialStatistics","TeachingSampling"
"OfficialStatistics","urn"
"OfficialStatistics","VIM"
"OfficialStatistics","x12"
"OfficialStatistics","yaImpute"
"Optimization","BB"
"Optimization","boot"
"Optimization","clue"
"Optimization","DEoptim"
"Optimization","desirability"
"Optimization","gafit"
"Optimization","genalg"
"Optimization","glpk"
"Optimization","goalprog"
"Optimization","gsl"
"Optimization","igraph"
"Optimization","kernlab"
"Optimization","limSolve"
"Optimization","linprog"
"Optimization","LowRankQP"
"Optimization","lpSolveAPI"
"Optimization","maxLik"
"Optimization","mco"
"Optimization","nleqslv"
"Optimization","optmatch"
"Optimization","quantreg"
"Optimization","rcdd"
"Optimization","Rcplex"
"Optimization","Rcsdp"
"Optimization","rgenoud"
"Optimization","sna"
"Optimization","subplex"
"Optimization","trust"
"Optimization","ucminf"
"Pharmacokinetics","drc"
"Pharmacokinetics","MASS"
"Phylogenetics","ade4"
"Phylogenetics","adephylo"
"Phylogenetics","apTreeshape"
"Phylogenetics","geiger"
"Phylogenetics","laser"
"Phylogenetics","maticce"
"Phylogenetics","MCMCglmm"
"Phylogenetics","ouch"
"Phylogenetics","paleoTS"
"Phylogenetics","phangorn"
"Phylogenetics","phybase"
"Phylogenetics","phyclust"
"Phylogenetics","phylobase"
"Phylogenetics","phyloclim"
"Phylogenetics","picante"
"Phylogenetics","scaleboot"
"Phylogenetics","TreeSim"
"Phylogenetics","vegan"
"Psychometrics","BiplotGUI"
"Psychometrics","BradleyTerry2"
"Psychometrics","caGUI"
"Psychometrics","catR"
"Psychometrics","cfa"
"Psychometrics","CMC"
"Psychometrics","cocorresp"
"Psychometrics","concord"
"Psychometrics","DAKS"
"Psychometrics","difR"
"Psychometrics","e1071"
"Psychometrics","eba"
"Psychometrics","ecodist"
"Psychometrics","equate"
"Psychometrics","FactoMineR"
"Psychometrics","fechner"
"Psychometrics","GPArotation"
"Psychometrics","irr"
"Psychometrics","irtoys"
"Psychometrics","irtProb"
"Psychometrics","labdsv"
"Psychometrics","latdiag"
"Psychometrics","lordif"
"Psychometrics","MASS"
"Psychometrics","MBESS"
"Psychometrics","MCMCpack"
"Psychometrics","MLCM"
"Psychometrics","MLDS"
"Psychometrics","mprobit"
"Psychometrics","nFactors"
"Psychometrics","pcaPP"
"Psychometrics","plRasch"
"Psychometrics","pls"
"Psychometrics","poLCA"
"Psychometrics","polycor"
"Psychometrics","pscl"
"Psychometrics","psychometric"
"Psychometrics","psychotree"
"Psychometrics","psyphy"
"Psychometrics","PTAk"
"Psychometrics","QuantPsyc"
"Psychometrics","randomLCA"
"Psychometrics","RaschSampler"
"Psychometrics","SEMModComp"
"Psychometrics","SensoMineR"
"Psychometrics","systemfit"
"Psychometrics","VGAM"
"Psychometrics","xgobi"
"ReproducibleResearch","animation"
"ReproducibleResearch","apsrtable"
"ReproducibleResearch","ascii"
"ReproducibleResearch","brew"
"ReproducibleResearch","cacheSweave"
"ReproducibleResearch","cxxPack"
"ReproducibleResearch","exams"
"ReproducibleResearch","highlight"
"ReproducibleResearch","memisc"
"ReproducibleResearch","odfWeave"
"ReproducibleResearch","odfWeave.survey"
"ReproducibleResearch","pgfSweave"
"ReproducibleResearch","quantreg"
"ReproducibleResearch","r2lh"
"ReproducibleResearch","R2wd"
"ReproducibleResearch","reporttools"
"ReproducibleResearch","SRPM"
"ReproducibleResearch","svSweave"
"ReproducibleResearch","SweaveListingUtils"
"ReproducibleResearch","TeachingSampling"
"ReproducibleResearch","tikzDevice"
"Robust","covRobust"
"Robust","distr"
"Robust","mblm"
"Robust","mvoutlier"
"Robust","quantreg"
"Robust","RandVar"
"Robust","robfilter"
"Robust","RobLox"
"Robust","RobRex"
"Robust","ROptEst"
"Robust","ROptRegTS"
"Robust","sandwich"
"Robust","wle"
"SocialSciences","aod"
"SocialSciences","bootstrap"
"SocialSciences","BradleyTerry"
"SocialSciences","brglm"
"SocialSciences","class"
"SocialSciences","concord"
"SocialSciences","Design"
"SocialSciences","dr"
"SocialSciences","dyn"
"SocialSciences","dynlm"
"SocialSciences","effects"
"SocialSciences","eha"
"SocialSciences","exactLoglinTest"
"SocialSciences","forward"
"SocialSciences","frailtypack"
"SocialSciences","gee"
"SocialSciences","geepack"
"SocialSciences","gmodels"
"SocialSciences","gnm"
"SocialSciences","gss"
"SocialSciences","Hmisc"
"SocialSciences","irr"
"SocialSciences","latentnet"
"SocialSciences","leaps"
"SocialSciences","lmeSplines"
"SocialSciences","lmm"
"SocialSciences","locfit"
"SocialSciences","ltm"
"SocialSciences","Matching"
"SocialSciences","MatchIt"
"SocialSciences","micEcon"
"SocialSciences","MNP"
"SocialSciences","multcomp"
"SocialSciences","multinomRob"
"SocialSciences","network"
"SocialSciences","nnet"
"SocialSciences","optmatch"
"SocialSciences","pls"
"SocialSciences","polycor"
"SocialSciences","pscl"
"SocialSciences","psy"
"SocialSciences","qvcalc"
"SocialSciences","rmeta"
"SocialSciences","robust"
"SocialSciences","robustbase"
"SocialSciences","sampling"
"SocialSciences","sm"
"SocialSciences","sna"
"SocialSciences","spatial"
"SocialSciences","survrec"
"SocialSciences","USPS"
"Spatial","ade4"
"Spatial","adehabitat"
"Spatial","ads"
"Spatial","akima"
"Spatial","ash"
"Spatial","aspace"
"Spatial","automap"
"Spatial","CircSpatial"
"Spatial","clustTool"
"Spatial","CompRandFld"
"Spatial","constrainedKriging"
"Spatial","cshapes"
"Spatial","diseasemapping"
"Spatial","divagis"
"Spatial","DSpat"
"Spatial","ecespa"
"Spatial","fields"
"Spatial","FieldSim"
"Spatial","GEOmap"
"Spatial","geomapdata"
"Spatial","geonames"
"Spatial","geoRglm"
"Spatial","geosphere"
"Spatial","GeoXp"
"Spatial","glmmBUGS"
"Spatial","gmaps"
"Spatial","gmt"
"Spatial","GRASS"
"Spatial","Guerry"
"Spatial","hdeco"
"Spatial","intamap"
"Spatial","mapdata"
"Spatial","mapproj"
"Spatial","maps"
"Spatial","MarkedPointProcess"
"Spatial","MBA"
"Spatial","ModelMap"
"Spatial","ncdf"
"Spatial","ncf"
"Spatial","nlme"
"Spatial","pastecs"
"Spatial","PBSmapping"
"Spatial","PBSmodelling"
"Spatial","psgp"
"Spatial","ramps"
"Spatial","RArcInfo"
"Spatial","regress"
"Spatial","RgoogleMaps"
"Spatial","RPyGeo"
"Spatial","RSAGA"
"Spatial","RSurvey"
"Spatial","rworldmap"
"Spatial","sgeostat"
"Spatial","shapefiles"
"Spatial","sparr"
"Spatial","spatcounts"
"Spatial","spatgraphs"
"Spatial","spatial"
"Spatial","spatialCovariance"
"Spatial","SpatialExtremes"
"Spatial","spatialkernel"
"Spatial","spatialsegregation"
"Spatial","spBayes"
"Spatial","spcosa"
"Spatial","spgrass6"
"Spatial","spgwr"
"Spatial","sphet"
"Spatial","spsurvey"
"Spatial","SQLiteMap"
"Spatial","Stem"
"Spatial","tgp"
"Spatial","tossm"
"Spatial","trip"
"Spatial","tripack"
"Spatial","tripEstimation"
"Spatial","UScensus2000"
"Spatial","vardiag"
"Spatial","vegan"
"Survival","AER"
"Survival","AIM"
"Survival","bayesSurv"
"Survival","BayHaz"
"Survival","BMA"
"Survival","boot"
"Survival","changeLOS"
"Survival","clinfun"
"Survival","cmprskContin"
"Survival","coin"
"Survival","CompetingRiskFrailty"
"Survival","condGEE"
"Survival","CoxBoost"
"Survival","coxme"
"Survival","coxphf"
"Survival","coxphw"
"Survival","coxrobust"
"Survival","CPE"
"Survival","Cprob"
"Survival","DAAG"
"Survival","dblcens"
"Survival","Design"
"Survival","DPpackage"
"Survival","DTDA"
"Survival","emplik"
"Survival","Epi"
"Survival","epiR"
"Survival","etm"
"Survival","fitdistrplus"
"Survival","flexCrossHaz"
"Survival","frailtypack"
"Survival","gamlss.cens"
"Survival","gbm"
"Survival","gcmrec"
"Survival","glmpath"
"Survival","gof"
"Survival","gss"
"Survival","ICE"
"Survival","Icens"
"Survival","intcox"
"Survival","interval"
"Survival","ipred"
"Survival","ipw"
"Survival","JM"
"Survival","kinship"
"Survival","km.ci"
"Survival","kmi"
"Survival","KMsurv"
"Survival","LearnBayes"
"Survival","lmec"
"Survival","locfit"
"Survival","LogicReg"
"Survival","logspline"
"Survival","lpc"
"Survival","lss"
"Survival","MAMSE"
"Survival","maxstat"
"Survival","mboost"
"Survival","MCMCglmm"
"Survival","MCMCpack"
"Survival","mfp"
"Survival","mixAK"
"Survival","mixPHM"
"Survival","MLEcens"
"Survival","msm"
"Survival","mspath"
"Survival","mstate"
"Survival","multcomp"
"Survival","multtest"
"Survival","mvna"
"Survival","mvpart"
"Survival","NADA"
"Survival","NestedCohort"
"Survival","nltm"
"Survival","OrdFacReg"
"Survival","p3state.msm"
"Survival","pamr"
"Survival","party"
"Survival","pec"
"Survival","penalized"
"Survival","peperr"
"Survival","phmm"
"Survival","polspline"
"Survival","prodlim"
"Survival","proptest"
"Survival","pseudo"
"Survival","quantreg"
"Survival","randomSurvivalForest"
"Survival","rankhazard"
"Survival","relsurv"
"Survival","rhosp"
"Survival","rpart"
"Survival","SMIR"
"Survival","smoothSurv"
"Survival","SMPracticals"
"Survival","spatstat"
"Survival","superpc"
"Survival","surv2sample"
"Survival","survBayes"
"Survival","survcomp"
"Survival","survey"
"Survival","survivalROC"
"Survival","survrec"
"Survival","tpr"
"Survival","TraMineR"
"Survival","TSHRC"
"Survival","TwoWaySurvival"
"Survival","uniCox"
"Survival","VGAM"
"TimeSeries","AER"
"TimeSeries","ArDec"
"TimeSeries","bayesGARCH"
"TimeSeries","BAYSTAR"
"TimeSeries","bentcableAR"
"TimeSeries","boot"
"TimeSeries","BootPR"
"TimeSeries","bspec"
"TimeSeries","CADFtest"
"TimeSeries","chron"
"TimeSeries","dlm"
"TimeSeries","dlnm"
"TimeSeries","dse"
"TimeSeries","dtw"
"TimeSeries","dyn"
"TimeSeries","dynlm"
"TimeSeries","Ecdat"
"TimeSeries","ensembleBMA"
"TimeSeries","EvalEst"
"TimeSeries","expsmooth"
"TimeSeries","fame"
"TimeSeries","fArma"
"TimeSeries","fEcofin"
"TimeSeries","fGarch"
"TimeSeries","FinTS"
"TimeSeries","FitAR"
"TimeSeries","FKF"
"TimeSeries","fma"
"TimeSeries","fNonlinear"
"TimeSeries","fracdiff"
"TimeSeries","fractal"
"TimeSeries","fractalrock"
"TimeSeries","fts"
"TimeSeries","fUnitRoots"
"TimeSeries","GeneCycle"
"TimeSeries","GeneNet"
"TimeSeries","gogarch"
"TimeSeries","gsarima"
"TimeSeries","hydrosanity"
"TimeSeries","its"
"TimeSeries","KFAS"
"TimeSeries","kza"
"TimeSeries","ltsa"
"TimeSeries","mAr"
"TimeSeries","mar1s"
"TimeSeries","MARSS"
"TimeSeries","Mcomp"
"TimeSeries","meboot"
"TimeSeries","mFilter"
"TimeSeries","mondate"
"TimeSeries","MSBVAR"
"TimeSeries","paleoTS"
"TimeSeries","pastecs"
"TimeSeries","pear"
"TimeSeries","pomp"
"TimeSeries","ptw"
"TimeSeries","robfilter"
"TimeSeries","RSEIS"
"TimeSeries","RTisean"
"TimeSeries","rtv"
"TimeSeries","rwt"
"TimeSeries","sde"
"TimeSeries","signalextraction"
"TimeSeries","tiger"
"TimeSeries","timeDate"
"TimeSeries","timeSeries"
"TimeSeries","timsac"
"TimeSeries","tis"
"TimeSeries","tpr"
"TimeSeries","TSAgg"
"TimeSeries","TSdbi"
"TimeSeries","tsDyn"
"TimeSeries","tseriesChaos"
"TimeSeries","tsfa"
"TimeSeries","tslars"
"TimeSeries","tsModel"
"TimeSeries","urca"
"TimeSeries","vars"
"TimeSeries","VhayuR"
"TimeSeries","wavelets"
"TimeSeries","waveslim"
"TimeSeries","wavethresh"
"TimeSeries","wmtsa"
"TimeSeries","xts"
